Nome,Tipo,Habilidades,Geração
Bulbasaur,"Planta, Venenoso","Raio Solar, Veneno Ácido",Primeira
Ivysaur,"Planta, Venenoso","Raio Solar, Veneno Ácido",Primeira
Venusaur,"Planta, Venenoso","Raio Solar, Veneno Ácido",Primeira
Charmander,"Fogo","Chama, Investida de Fogo",Primeira
Charmeleon,"Fogo","Chama, Investida de Fogo",Primeira
Charizard,"Fogo, Voador","Chama, Bico Perfurante",Primeira
Squirtle,"Água","Surf, Jato de Água",Primeira
Wartortle,"Água","Surf, Jato de Água",Primeira
Blastoise,"Água","Surf, Jato de Água",Primeira
Caterpie,"Inseto","Investida, Pó Venenoso",Primeira
Metapod,"Inseto","Investida, Pó Venenoso",Primeira
Butterfree,"Inseto, Voador","Investida, Vento Prateado",Primeira
Weedle,"Inseto, Venenoso","Investida, Pó Venenoso",Primeira
Kakuna,"Inseto, Venenoso","Investida, Pó Venenoso",Primeira
Beedrill,"Inseto, Venenoso","Investida, Agulha Dupla",Primeira
Pidgey,"Normal, Voador","Investida, Vento Cortante",Primeira
Pidgeotto,"Normal, Voador","Investida, Vento Cortante",Primeira
Pidgeot,"Normal, Voador","Investida, Vento Cortante",Primeira
Rattata,"Normal","Investida, Hyper Presa",Primeira
Raticate,"Normal","Investida, Hyper Presa",Primeira
Spearow,"Normal, Voador","Investida, Bico Perfurante",Primeira
Fearow,"Normal, Voador","Investida, Bico Perfurante",Primeira
Ekans,"Venenoso","Presa Venenosa, Investida de Ácido",Primeira
Arbok,"Venenoso","Presa Venenosa, Investida de Ácido",Primeira
Pikachu,"Elétrico","Raio Veloz, Choque do Trovão",Primeira
Raichu,"Elétrico","Raio Veloz, Choque do Trovão",Primeira
Sandshrew,"Terra","Investida de Areia, Terremoto",Primeira
Sandslash,"Terra","Investida de Areia, Terremoto",Primeira
Nidoran♀,"Venenoso","Investida, Pó Venenoso",Primeira
Nidorina,"Venenoso","Investida, Pó Venenoso",Primeira
Nidoqueen,"Venenoso, Terra","Investida, Terremoto",Primeira
Nidoran♂,"Venenoso","Investida, Pó Venenoso",Primeira
Nidorino,"Venenoso","Investida, Pó Venenoso",Primeira
Nidoking,"Venenoso, Terra","Investida, Terremoto",Primeira
Clefairy,"Fada","Raio Psíquico, Bola Sombria",Primeira
Clefable,"Fada","Raio Psíquico, Bola Sombria",Primeira
Vulpix,"Fogo","Chama, Investida de Fogo",Primeira
Ninetales,"Fogo","Chama, Investida de Fogo",Primeira
Jigglypuff,"Normal, Fada","Investida, Bola Sombria",Primeira
Wigglytuff,"Normal, Fada","Investida, Bola Sombria",Primeira
Zubat,"Venenoso, Voador","Investida, Vento Cortante",Primeira
Golbat,"Venenoso, Voador","Investida, Vento Cortante",Primeira
Oddish,"Planta, Venenoso","Raio Solar, Veneno Ácido",Primeira
Gloom,"Planta, Venenoso","Raio Solar, Veneno Ácido",Primeira
Vileplume,"Planta, Venenoso","Raio Solar, Veneno Ácido",Primeira
Paras,"Inseto, Planta","Investida, Raio Solar",Primeira
Parasect,"Inseto, Planta","Investida, Raio Solar",Primeira
Venonat,"Inseto, Venenoso","Investida, Pó Venenoso",Primeira
Venomoth,"Inseto, Venenoso","Investida, Pó Venenoso",Primeira
Diglett,"Terra","Investida de Areia, Terremoto",Primeira
Dugtrio,"Terra","Investida de Areia, Terremoto",Primeira
Meowth,"Normal","Investida, Hyper Presa",Primeira
Persian,"Normal","Investida, Hyper Presa",Primeira
Psyduck,"Água","Surf, Jato de Água",Primeira
Golduck,"Água","Surf, Jato de Água",Primeira
Mankey,"Lutador","Soco Dinâmico, Investida",Primeira
Primeape,"Lutador","Soco Dinâmico, Investida",Primeira
Growlithe,"Fogo","Chama, Investida de Fogo",Primeira
Arcanine,"Fogo","Chama, Investida de Fogo",Primeira
Poliwag,"Água","Surf, Jato de Água",Primeira
Poliwhirl,"Água","Surf, Jato de Água",Primeira
Poliwrath,"Água, Lutador","Surf, Soco Dinâmico",Primeira
Abra,"Psíquico","Confusão, Raio Psíquico",Primeira
Kadabra,"Psíquico","Confusão, Raio Psíquico",Primeira
Alakazam,"Psíquico","Confusão, Raio Psíquico",Primeira
Machop,"Lutador","Soco Dinâmico, Investida",Primeira
Machoke,"Lutador","Soco Dinâmico, Investida",Primeira
Machamp,"Lutador","Soco Dinâmico, Investida",Primeira
Bellsprout,"Planta, Venenoso","Raio Solar, Veneno Ácido",Primeira
Weepinbell,"Planta, Venenoso","Raio Solar, Veneno Ácido",Primeira
Victreebel,"Planta, Venenoso","Raio Solar, Investida de Folhas",Primeira
Tentacool,"Água, Venenoso","Surf, Investida de Ácido",Primeira
Tentacruel,"Água, Venenoso","Surf, Investida de Ácido",Primeira
Geodude,"Rocha, Terra","Pedra Afiada, Investida de Pedra",Primeira
Graveler,"Rocha, Terra","Pedra Afiada, Investida de Pedra",Primeira
Golem,"Rocha, Terra","Pedra Afiada, Investida de Pedra",Primeira
Ponyta,"Fogo","Chama, Investida de Fogo",Primeira
Rapidash,"Fogo","Chama, Investida de Fogo",Primeira
Slowpoke,"Água, Psíquico","Surf, Confusão",Primeira
Slowbro,"Água, Psíquico","Surf, Confusão",Primeira
Magnemite,"Elétrico, Metal","Raio Veloz, Choque do Trovão",Primeira
Magneton,"Elétrico, Metal","Raio Veloz, Choque do Trovão",Primeira
Farfetch'd,"Normal, Voador","Investida, Bico Perfurante",Primeira
Doduo,"Normal, Voador","Investida, Bico Perfurante",Primeira
Dodrio,"Normal, Voador","Investida, Bico Perfurante",Primeira
Seel,"Água","Surf, Jato de Água",Primeira
Dewgong,"Água, Gelo","Surf, Raio de Gelo",Primeira
Grimer,"Venenoso","Presa Venenosa, Investida de Ácido",Primeira
Muk,"Venenoso","Presa Venenosa, Investida de Ácido",Primeira
Shellder,"Água","Surf, Jato de Água",Primeira
Cloyster,"Água, Gelo","Surf, Raio de Gelo",Primeira
Gastly,"Fantasma, Venenoso","Bola Sombria, Confusão",Primeira
Haunter,"Fantasma, Venenoso","Bola Sombria, Confusão",Primeira
Gengar,"Fantasma, Venenoso","Bola Sombria, Confusão",Primeira
Onix,"Rocha, Terra","Pedra Afiada, Investida de Pedra",Primeira
Drowzee,"Psíquico","Confusão, Raio Psíquico",Primeira
Hypno,"Psíquico","Confusão, Raio Psíquico",Primeira
Krabby,"Água","Surf, Jato de Água",Primeira
Kingler,"Água","Surf, Jato de Água",Primeira
Voltorb,"Elétrico","Raio Veloz, Choque do Trovão",Primeira
Electrode,"Elétrico","Raio Veloz, Choque do Trovão",Primeira
Exeggcute,"Planta, Psíquico","Raio Solar, Confusão",Primeira
Exeggutor,"Planta, Psíquico","Raio Solar, Confusão",Primeira
Cubone,"Terra","Investida de Areia, Terremoto",Primeira
Marowak,"Terra","Investida de Areia, Terremoto",Primeira
Hitmonlee,"Lutador","Soco Dinâmico, Investida",Primeira
Hitmonchan,"Lutador","Soco Dinâmico, Investida",Primeira
Lickitung,"Normal","Investida, Lamber",Primeira
Koffing,"Venenoso","Presa Venenosa, Gás Venenoso",Primeira
Weezing,"Venenoso","Presa Venenosa, Gás Venenoso",Primeira
Rhyhorn,"Terra, Rocha","Investida de Pedra, Terremoto",Primeira
Rhydon,"Terra, Rocha","Investida de Pedra, Terremoto",Primeira
Chansey,"Normal","Investida, Hiper Raio",Primeira
Tangela,"Planta","Raio Solar, Investida de Folhas",Primeira
Kangaskhan,"Normal","Investida, Hiper Raio",Primeira
Horsea,"Água","Surf, Jato de Água",Primeira
Seadra,"Água","Surf, Jato de Água",Primeira
Goldeen,"Água","Surf, Jato de Água",Primeira
Seaking,"Água","Surf, Jato de Água",Primeira
Staryu,"Água","Surf, Jato de Água",Primeira
Starmie,"Água, Psíquico","Surf, Confusão",Primeira
Mr. Mime,"Psíquico, Fada","Confusão, Raio Psíquico",Primeira
Scyther,"Inseto, Voador","Investida, Agulha Dupla",Primeira
Jynx,"Gelo, Psíquico","Raio de Gelo, Confusão",Primeira
Electabuzz,"Elétrico","Raio Veloz, Choque do Trovão",Primeira
Magmar,"Fogo","Chama, Investida de Fogo",Primeira
Pinsir,"Inseto","Investida, Agulha Dupla",Primeira
Tauros,"Normal","Investida, Chifre Furioso",Primeira
Magikarp,"Água","Surf, Jato de Água",Primeira
Gyarados,"Água, Voador","Surf, Bico Perfurante",Primeira
Lapras,"Água, Gelo","Surf, Raio de Gelo",Primeira
Ditto,"Normal","Investida, Transform",Primeira
Eevee,"Normal","Investida, Hyper Presa",Primeira
Vaporeon,"Água","Surf, Jato de Água",Primeira
Jolteon,"Elétrico","Raio Veloz, Choque do Trovão",Primeira
Flareon,"Fogo","Chama, Investida de Fogo",Primeira
Porygon,"Normal","Investida, Raio Psíquico",Primeira
Omanyte,"Pedra, Água","Investida de Água, Investida de Pedra",Primeira
Omastar,"Pedra, Água","Investida de Água, Investida de Pedra",Primeira
Kabuto,"Pedra, Água","Investida de Água, Investida de Pedra",Primeira
Kabutops,"Pedra, Água","Investida de Água, Investida de Pedra",Primeira
Aerodactyl,"Rocha, Voador","Pedra Afiada, Investida de Pedra",Primeira
Snorlax,"Normal","Investida, Hiper Raio",Primeira
Articuno,"Gelo, Voador","Raio de Gelo, Vento Cortante",Primeira
Zapdos,"Elétrico, Voador","Raio Veloz, Vento Cortante",Primeira
Moltres,"Fogo, Voador","Chama, Vento Cortante",Primeira
Dratini,"Dragão","Garra Dragônica, Investida de Dragão",Primeira
Dragonair,"Dragão","Garra Dragônica, Investida de Dragão",Primeira
Dragonite,"Dragão, Voador","Garra Dragônica, Vento Cortante",Primeira
Mewtwo,"Psíquico","Confusão, Raio Psíquico",Primeira
Mew,"Psíquico","Confusão, Raio Psíquico",Primeira
Chikorita,"Planta","Raio Solar, Investida de Folhas",Segunda
Bayleef,"Planta","Raio Solar, Investida de Folhas",Segunda
Meganium,"Planta","Raio Solar, Investida de Folhas",Segunda
Cyndaquil,"Fogo","Chama, Investida de Fogo",Segunda
Quilava,"Fogo","Chama, Investida de Fogo",Segunda
Typhlosion,"Fogo","Chama, Investida de Fogo",Segunda
Totodile,"Água","Surf, Jato de Água",Segunda
Croconaw,"Água","Surf, Jato de Água",Segunda
Feraligatr,"Água","Surf, Jato de Água",Segunda
Sentret,"Normal","Investida, Hyper Presa",Segunda
Furret,"Normal","Investida, Hyper Presa",Segunda
Hoothoot,"Normal, Voador","Investida, Vento Cortante",Segunda
Noctowl,"Normal, Voador","Investida, Vento Cortante",Segunda
Ledyba,"Inseto, Voador","Investida, Agulha Dupla",Segunda
Ledian,"Inseto, Voador","Investida, Agulha Dupla",Segunda
Spinarak,"Inseto, Venenoso","Investida, Pó Venenoso",Segunda
Ariados,"Inseto, Venenoso","Investida, Pó Venenoso",Segunda
Crobat,"Venenoso, Voador","Investida, Vento Cortante",Segunda
Chinchou,"Água, Elétrico","Surf, Raio Veloz",Segunda
Lanturn,"Água, Elétrico","Surf, Raio Veloz",Segunda
Pichu,"Elétrico","Raio Veloz, Choque do Trovão",Segunda
Cleffa,"Fada","Investida, Bola Sombria",Segunda
Igglybuff,"Normal, Fada","Investida, Bola Sombria",Segunda
Togepi,"Fada","Investida, Bola Sombria",Segunda
Togetic,"Fada, Voador","Investida, Vento Cortante",Segunda
Natu,"Psíquico, Voador","Confusão, Vento Cortante",Segunda
Xatu,"Psíquico, Voador","Confusão, Vento Cortante",Segunda
Mareep,"Elétrico","Raio Veloz, Choque do Trovão",Segunda
Flaaffy,"Elétrico","Raio Veloz, Choque do Trovão",Segunda
Ampharos,"Elétrico","Raio Veloz, Choque do Trovão",Segunda
Bellossom,"Planta","Raio Solar, Investida de Folhas",Segunda
Marill,"Água, Fada","Surf, Jato de Água",Segunda
Azumarill,"Água, Fada","Surf, Jato de Água",Segunda
Sudowoodo,"Rocha","Pedra Afiada, Investida de Pedra",Segunda
Politoed,"Água","Surf, Jato de Água",Segunda
Hoppip,"Planta, Voador","Raio Solar, Vento Cortante",Segunda
Skiploom,"Planta, Voador","Raio Solar, Vento Cortante",Segunda
Jumpluff,"Planta, Voador","Raio Solar, Vento Cortante",Segunda
Aipom,"Normal","Investida, Hyper Presa",Segunda
Sunkern,"Planta","Raio Solar, Investida de Folhas",Segunda
Sunflora,"Planta","Raio Solar, Investida de Folhas",Segunda
Yanma,"Inseto, Voador","Investida, Agulha Dupla",Segunda
Wooper,"Água, Terra","Surf, Investida de Areia",Segunda
Quagsire,"Água, Terra","Surf, Investida de Areia",Segunda
Espeon,"Psíquico","Confusão, Raio Psíquico",Segunda
Umbreon,"Noturno","Punho Sombrio, Raio Psíquico",Segunda
Murkrow,"Noturno, Voador","Punho Sombrio, Vento Cortante",Segunda
Slowking,"Água, Psíquico","Surf, Confusão",Segunda
Misdreavous,"Fantasma","Bola Sombria, Confusão",Segunda
Unown,"Psíquico","Confusão, Raio Psíquico",Segunda
Wobbuffet,"Psíquico","Confusão, Raio Psíquico",Segunda
Girafarig,"Normal, Psíquico","Investida, Confusão",Segunda
Pineco,"Inseto","Investida, Agulha Dupla",Segunda
Forretress,"Inseto, Metal","Investida, Agulha Dupla",Segunda
Dunsparce,"Normal","Investida, Hyper Presa",Segunda
Gligar,"Terrestre, Voador","Investida de Pedra, Vento Cortante",Segunda
Steelix,"Metal, Terra","Pedra Afiada, Investida de Pedra",Segunda
Snubbull,"Fada","Investida, Mordida",Segunda
Granbull,"Fada","Investida, Mordida",Segunda
Qwilfish,"Água, Venenoso","Surf, Investida de Ácido",Segunda
Scizor,"Inseto, Metal","Investida, Agulha Dupla",Segunda
Shuckle,"Inseto, Rocha","Investida, Pedra Afiada",Segunda
Heracross,"Inseto, Lutador","Investida, Soco Dinâmico",Segunda
Sneasel,"Noturno, Gelo","Punho Sombrio, Raio de Gelo",Segunda
Teddiursa,"Normal","Investida, Mordida",Segunda
Ursaring,"Normal","Investida, Mordida",Segunda
Slugma,"Fogo","Chama, Investida de Fogo",Segunda
Magcargo,"Fogo, Rocha","Chama, Investida de Pedra",Segunda
Swinub,"Gelo, Terrestre","Raio de Gelo, Terremoto",Segunda
Piloswine,"Gelo, Terrestre","Raio de Gelo, Terremoto",Segunda
Corsola,"Água, Rocha","Surf, Investida de Pedra",Segunda
Remoraid,"Água","Surf, Jato de Água",Segunda
Octillery,"Água","Surf, Jato de Água",Segunda
Delibird,"Gelo, Voador","Raio de Gelo, Vento Cortante",Segunda
Mantine,"Água, Voador","Surf, Vento Cortante",Segunda
Skarmory,"Metal, Voador","Pedra Afiada, Vento Cortante",Segunda
Houndour,"Noturno, Fogo","Punho Sombrio, Chama",Segunda
Houndoom,"Noturno, Fogo","Punho Sombrio, Chama",Segunda
Kingdra,"Água, Dragão","Surf, Garra Dragônica",Segunda
Phanpy,"Terrestre","Investida de Areia, Terremoto",Segunda
Donphan,"Terrestre","Investida de Areia, Terremoto",Segunda
Porygon2,"Normal","Investida, Raio Psíquico",Segunda
Stantler,"Normal","Investida, Hyper Presa",Segunda
Smeargle,"Normal","Investida, Confusão",Segunda
Tyrogue,"Lutador","Soco Dinâmico, Investida",Segunda
Hitmontop,"Lutador","Soco Dinâmico, Investida",Segunda
Smoochum,"Gelo, Psíquico","Raio de Gelo, Confusão",Segunda
Elekid,"Elétrico","Raio Veloz, Choque do Trovão",Segunda
Magby,"Fogo","Chama, Investida de Fogo",Segunda
Miltank,"Normal","Investida, Hyper Presa",Segunda
Blissey,"Normal","Investida, Hiper Raio",Segunda
Raikou,"Elétrico","Raio Veloz, Choque do Trovão",Segunda
Entei,"Fogo","Chama, Investida de Fogo",Segunda
Suicune,"Água","Surf, Jato de Água",Segunda
Larvitar,"Pedra, Terrestre","Investida de Pedra, Terremoto",Segunda
Pupitar,"Pedra, Terrestre","Investida de Pedra, Terremoto",Segunda
Tyranitar,"Pedra, Noturno","Investida de Pedra, Punho Sombrio",Segunda
Lugia,"Psíquico, Voador","Confusão, Vento Cortante",Segunda
Ho-Oh,"Fogo, Voador","Chama, Vento Cortante",Segunda
Celebi,"Psíquico, Planta","Confusão, Raio Solar",Segunda
Treecko,"Planta","Raio Solar, Investida de Folhas",Terceira
Grovyle,"Planta","Raio Solar, Investida de Folhas",Terceira
Sceptile,"Planta","Raio Solar, Investida de Folhas",Terceira
Torchic,"Fogo","Chama, Investida de Fogo",Terceira
Combusken,"Fogo, Lutador","Chama, Investida de Fogo",Terceira
Blaziken,"Fogo, Lutador","Chama, Soco Dinâmico",Terceira
Mudkip,"Água","Surf, Jato de Água",Terceira
Marshtomp,"Água, Terrestre","Surf, Terremoto",Terceira
Swampert,"Água, Terrestre","Surf, Terremoto",Terceira
Poochyena,"Noturno","Investida, Mordida",Terceira
Mightyena,"Noturno","Investida, Mordida",Terceira
Zigzagoon,"Normal","Investida, Mordida",Terceira
Linoone,"Normal","Investida, Mordida",Terceira
Wurmple,"Inseto","Investida, Pó Venenoso",Terceira
Silcoon,"Inseto","Investida, Pó Venenoso",Terceira
Beautifly,"Inseto, Voador","Investida, Vento Cortante",Terceira
Cascoon,"Inseto","Investida, Pó Venenoso",Terceira
Dustox,"Inseto, Venenoso","Investida, Pó Venenoso",Terceira
Lotad,"Água, Planta","Surf, Raio Solar",Terceira
Lombre,"Água, Planta","Surf, Raio Solar",Terceira
Ludicolo,"Água, Planta","Surf, Raio Solar",Terceira
Seedot,"Planta","Raio Solar, Investida de Folhas",Terceira
Nuzleaf,"Planta, Noturno","Raio Solar, Investida de Folhas",Terceira
Shiftry,"Planta, Noturno","Raio Solar, Investida de Folhas",Terceira
Taillow,"Normal, Voador","Investida, Vento Cortante",Terceira
Swellow,"Normal, Voador","Investida, Vento Cortante",Terceira
Wingull,"Água, Voador","Surf, Vento Cortante",Terceira
Pelipper,"Água, Voador","Surf, Vento Cortante",Terceira
Ralts,"Psíquico, Fada","Confusão, Raio Psíquico",Terceira
Kirlia,"Psíquico, Fada","Confusão, Raio Psíquico",Terceira
Gardevoir,"Psíquico, Fada","Confusão, Raio Psíquico",Terceira
Surskit,"Inseto, Água","Investida, Jato de Água",Terceira
Masquerain,"Inseto, Voador","Investida, Vento Cortante",Terceira
Shroomish,"Planta","Raio Solar, Investida de Folhas",Terceira
Breloom,"Planta, Lutador","Raio Solar, Soco Dinâmico",Terceira
Slakoth,"Normal","Investida, Mordida",Terceira
Vigoroth,"Normal","Investida, Mordida",Terceira
Slaking,"Normal","Investida, Mordida",Terceira
Nincada,"Inseto, Terrestre","Investida, Pedra Afiada",Terceira
Ninjask,"Inseto, Voador","Investida, Vento Cortante",Terceira
Shedinja,"Inseto, Fantasma","Investida, Bola Sombria",Terceira
Whismur,"Normal","Investida, Hyper Presa",Terceira
Loudred,"Normal","Investida, Hyper Presa",Terceira
Exploud,"Normal","Investida, Hyper Presa",Terceira
Makuhita,"Lutador","Soco Dinâmico, Investida",Terceira
Hariyama,"Lutador","Soco Dinâmico, Investida",Terceira
Azurill,"Normal, Fada","Investida, Jato de Água",Terceira
Nosepass,"Rocha","Pedra Afiada, Investida de Pedra",Terceira
Skitty,"Normal","Investida, Mordida",Terceira
Delcatty,"Normal","Investida, Mordida",Terceira
Sableye,"Noturno, Fantasma","Punho Sombrio, Bola Sombria",Terceira
Mawile,"Aço, Fada","Investida, Mordida",Terceira
Aron,"Metal, Rocha","Pedra Afiada, Investida de Pedra",Terceira
Lairon,"Metal, Rocha","Pedra Afiada, Investida de Pedra",Terceira
Aggron,"Metal, Rocha","Pedra Afiada, Investida de Pedra",Terceira
Meditite,"Lutador, Psíquico","Soco Dinâmico, Confusão",Terceira
Medicham,"Lutador, Psíquico","Soco Dinâmico, Confusão",Terceira
Electrike,"Elétrico","Raio Veloz, Choque do Trovão",Terceira
Manectric,"Elétrico","Raio Veloz, Choque do Trovão",Terceira
Plusle,"Elétrico","Raio Veloz, Choque do Trovão",Terceira
Minun,"Elétrico","Raio Veloz, Choque do Trovão",Terceira
Volbeat,"Inseto","Investida, Raio Psíquico",Terceira
Illumise,"Inseto","Investida, Raio Psíquico",Terceira
Roselia,"Planta, Venenoso","Raio Solar, Veneno Ácido",Terceira
Gulpin,"Venenoso","Presa Venenosa, Investida de Ácido",Terceira
Swalot,"Venenoso","Presa Venenosa, Investida de Ácido",Terceira
Carvanha,"Água, Noturno","Surf, Mordida",Terceira
Sharpedo,"Água, Noturno","Surf, Mordida",Terceira
Wailmer,"Água","Surf, Jato de Água",Terceira
Wailord,"Água","Surf, Jato de Água",Terceira
Numel,"Fogo, Terrestre","Chama, Terremoto",Terceira
Camerupt,"Fogo, Terrestre","Chama, Terremoto",Terceira
Torkoal,"Fogo","Chama, Investida de Fogo",Terceira
Spoink,"Psíquico","Confusão, Raio Psíquico",Terceira
Grumpig,"Psíquico","Confusão, Raio Psíquico",Terceira
Spinda,"Normal","Investida, Mordida",Terceira
Trapinch,"Terrestre","Investida de Areia, Terremoto",Terceira
Vibrava,"Terrestre, Dragão","Investida de Pedra, Garra Dragônica",Terceira
Flygon,"Terrestre, Dragão","Investida de Pedra, Garra Dragônica",Terceira
Cacnea,"Planta","Raio Solar, Investida de Folhas",Terceira
Cacturne,"Planta, Noturno","Raio Solar, Investida de Folhas",Terceira
Swablu,"Normal, Voador","Investida, Vento Cortante",Terceira
Altaria,"Dragão, Voador","Garra Dragônica, Vento Cortante",Terceira
Zangoose,"Normal","Investida, Mordida",Terceira
Seviper,"Venenoso","Presa Venenosa, Investida de Ácido",Terceira
Lunatone,"Rocha, Psíquico","Pedra Afiada, Confusão",Terceira
Solrock,"Rocha, Psíquico","Pedra Afiada, Confusão",Terceira
Barboach,"Água, Terrestre","Surf, Investida de Areia",Terceira
Whiscash,"Água, Terrestre","Surf, Investida de Areia",Terceira
Corphish,"Água","Surf, Investida de Ácido",Terceira
Crawdaunt,"Água, Noturno","Surf, Investida de Ácido",Terceira
Baltoy,"Solo, Psíquico","Investida de Pedra, Confusão",Terceira
Claydol,"Solo, Psíquico","Investida de Pedra, Confusão",Terceira
Lileep,"Pedra, Planta","Pedra Afiada, Investida de Folhas",Terceira
Cradily,"Pedra, Planta","Pedra Afiada, Investida de Folhas",Terceira
Anorith,"Pedra, Inseto","Pedra Afiada, Investida de Pedra",Terceira
Armaldo,"Pedra, Inseto","Pedra Afiada, Investida de Pedra",Terceira
Feebas,"Água","Surf, Jato de Água",Terceira
Milotic,"Água","Surf, Jato de Água",Terceira
Castform,"Normal","Investida, Raio Psíquico",Terceira
Kecleon,"Normal","Investida, Mordida",Terceira
Shuppet,"Fantasma","Bola Sombria, Confusão",Terceira
Banette,"Fantasma","Bola Sombria, Confusão",Terceira
Duskull,"Fantasma","Bola Sombria, Confusão",Terceira
Dusclops,"Fantasma","Bola Sombria, Confusão",Terceira
Tropius,"Planta, Voador","Raio Solar, Investida de Folhas",Terceira
Chimecho,"Psíquico","Confusão, Raio Psíquico",Terceira
Absol,"Noturno","Punho Sombrio, Investida",Terceira
Wynaut,"Psíquico","Confusão, Raio Psíquico",Terceira
Snorunt,"Gelo","Raio de Gelo, Confusão",Terceira
Glalie,"Gelo","Raio de Gelo, Confusão",Terceira
Spheal,"Gelo, Água","Raio de Gelo, Surf",Terceira
Sealeo,"Gelo, Água","Raio de Gelo, Surf",Terceira
Walrein,"Gelo, Água","Raio de Gelo, Surf",Terceira
Clamperl,"Água","Surf, Jato de Água",Terceira
Huntail,"Água","Surf, Jato de Água",Terceira
Gorebyss,"Água","Surf, Jato de Água",Terceira
Relicanth,"Água, Rocha","Surf, Investida de Pedra",Terceira
Luvdisc,"Água","Surf, Jato de Água",Terceira
Bagon,"Dragão","Garra Dragônica, Investida de Dragão",Terceira
Shelgon,"Dragão","Garra Dragônica, Investida de Dragão",Terceira
Salamence,"Dragão, Voador","Garra Dragônica, Vento Cortante",Terceira
Beldum,"Metal, Psíquico","Investida de Pedra, Confusão",Terceira
Metang,"Metal, Psíquico","Investida de Pedra, Confusão",Terceira
Metagross,"Metal, Psíquico","Investida de Pedra, Confusão",Terceira
Regirock,"Rocha","Pedra Afiada, Investida de Pedra",Terceira
Regice,"Gelo","Raio de Gelo, Confusão",Terceira
Registeel,"Metal","Investida de Pedra, Confusão",Terceira
Latias,"Dragão, Psíquico","Garra Dragônica, Confusão",Terceira
Latios,"Dragão, Psíquico","Garra Dragônica, Confusão",Terceira
Kyogre,"Água","Surf, Jato de Água",Terceira
Groudon,"Terra","Investida de Pedra, Terremoto",Terceira
Rayquaza,"Dragão, Voador","Garra Dragônica, Vento Cortante",Terceira
Jirachi,"Aço, Psíquico","Investida de Pedra, Confusão",Terceira
Deoxys,"Psíquico","Confusão, Raio Psíquico",Terceira
Turtwig,"Planta","Raio Solar, Investida de Folhas",Quarta
Grotle,"Planta","Raio Solar, Investida de Folhas",Quarta
Torterra,"Planta, Terrestre","Raio Solar, Terremoto",Quarta
Chimchar,"Fogo","Chama, Investida de Fogo",Quarta
Monferno,"Fogo, Lutador","Chama, Soco Dinâmico",Quarta
Infernape,"Fogo, Lutador","Chama, Soco Dinâmico",Quarta
Piplup,"Água","Surf, Jato de Água",Quarta
Prinplup,"Água","Surf, Jato de Água",Quarta
Empoleon,"Água, Metal","Surf, Investida de Pedra",Quarta
Starly,"Normal, Voador","Investida, Vento Cortante",Quarta
Staravia,"Normal, Voador","Investida, Vento Cortante",Quarta
Staraptor,"Normal, Voador","Investida, Vento Cortante",Quarta
Bidoof,"Normal","Investida, Mordida",Quarta
Bibarel,"Normal, Água","Investida, Mordida",Quarta
Kricketot,"Inseto","Investida, Agulha Dupla",Quarta
Kricketune,"Inseto","Investida, Agulha Dupla",Quarta
Shinx,"Elétrico","Raio Veloz, Choque do Trovão",Quarta
Luxio,"Elétrico","Raio Veloz, Choque do Trovão",Quarta
Luxray,"Elétrico","Raio Veloz, Choque do Trovão",Quarta
Budew,"Planta, Venenoso","Raio Solar, Veneno Ácido",Quarta
Roserade,"Planta, Venenoso","Raio Solar, Veneno Ácido",Quarta
Cranidos,"Rocha","Pedra Afiada, Investida de Pedra",Quarta
Rampardos,"Rocha","Pedra Afiada, Investida de Pedra",Quarta
Shieldon,"Rocha, Metal","Pedra Afiada, Investida de Pedra",Quarta
Bastiodon,"Rocha, Metal","Pedra Afiada, Investida de Pedra",Quarta
Burmy,"Inseto","Investida, Agulha Dupla",Quarta
Wormadam,"Inseto, Planta","Investida, Raio Solar",Quarta
Mothim,"Inseto, Voador","Investida, Vento Cortante",Quarta
Combee,"Inseto, Voador","Investida, Agulha Dupla",Quarta
Vespiquen,"Inseto, Voador","Investida, Agulha Dupla",Quarta
Pachirisu,"Elétrico","Raio Veloz, Choque do Trovão",Quarta
Buizel,"Água","Surf, Jato de Água",Quarta
Floatzel,"Água","Surf, Jato de Água",Quarta
Cherubi,"Planta","Raio Solar, Investida de Folhas",Quarta
Cherrim,"Planta","Raio Solar, Investida de Folhas",Quarta
Shellos,"Água","Surf, Jato de Água",Quarta
Gastrodon,"Água, Terra","Surf, Investida de Areia",Quarta
Ambipom,"Normal","Investida, Hyper Presa",Quarta
Drifloon,"Fantasma, Voador","Bola Sombria, Vento Cortante",Quarta
Drifblim,"Fantasma, Voador","Bola Sombria, Vento Cortante",Quarta
Buneary,"Normal","Investida, Mordida",Quarta
Lopunny,"Normal","Investida, Mordida",Quarta
Mismagius,"Fantasma","Bola Sombria, Confusão",Quarta
Honchkrow,"Noturno, Voador","Punho Sombrio, Vento Cortante",Quarta
Glameow,"Normal","Investida, Mordida",Quarta
Purugly,"Normal","Investida, Mordida",Quarta
Chingling,"Psíquico","Confusão, Raio Psíquico",Quarta
Stunky,"Noturno, Venenoso","Punho Sombrio, Investida de Ácido",Quarta
Skuntank,"Noturno, Venenoso","Punho Sombrio, Investida de Ácido",Quarta
Bronzor,"Metal, Psíquico","Investida de Pedra, Confusão",Quarta
Bronzong,"Metal, Psíquico","Investida de Pedra, Confusão",Quarta
Bonsly,"Rocha","Pedra Afiada, Investida de Pedra",Quarta
Mime Jr.,"Psíquico, Fada","Confusão, Bola Sombria",Quarta
Happiny,"Normal","Investida, Hiper Raio",Quarta
Chatot,"Normal, Voador","Investida, Vento Cortante",Quarta
Spiritomb,"Fantasma, Noturno","Bola Sombria, Investida de Ácido",Quarta
Gible,"Dragão, Terrestre","Garra Dragônica, Investida de Pedra",Quarta
Gabite,"Dragão, Terrestre","Garra Dragônica, Investida de Pedra",Quarta
Garchomp,"Dragão, Terrestre","Garra Dragônica, Investida de Pedra",Quarta
Munchlax,"Normal","Investida, Hiper Raio",Quarta
Riolu,"Lutador","Soco Dinâmico, Investida",Quarta
Lucario,"Lutador, Aço","Soco Dinâmico, Investida",Quarta
Hippopotas,"Terrestre","Investida de Areia, Terremoto",Quarta
Hippowdon,"Terrestre","Investida de Areia, Terremoto",Quarta
Skorupi,"Venenoso, Terrestre","Presa Venenosa, Investida de Pedra",Quarta
Drapion,"Venenoso, Noturno","Presa Venenosa, Punho Sombrio",Quarta
Croagunk,"Venenoso, Lutador","Presa Venenosa, Soco Dinâmico",Quarta
Toxicroak,"Venenoso, Lutador","Presa Venenosa, Soco Dinâmico",Quarta
Carnivine,"Planta","Raio Solar, Investida de Folhas",Quarta
Finneon,"Água","Surf, Jato de Água",Quarta
Lumineon,"Água","Surf, Jato de Água",Quarta
Mantyke,"Água, Voador","Surf, Vento Cortante",Quarta
Snover,"Gelo, Planta","Raio de Gelo, Investida de Folhas",Quarta
Abomasnow,"Gelo, Planta","Raio de Gelo, Investida de Folhas",Quarta
Weavile,"Noturno, Gelo","Punho Sombrio, Raio de Gelo",Quarta
Magnezone,"Elétrico, Metal","Raio Veloz, Investida de Pedra",Quarta
Lickilicky,"Normal","Investida, Hiper Raio",Quarta
Rhyperior,"Terrestre, Rocha","Investida de Pedra, Terremoto",Quarta
Tangrowth,"Planta","Raio Solar, Investida de Folhas",Quarta
Electivire,"Elétrico","Raio Veloz, Choque do Trovão",Quarta
Magmortar,"Fogo","Chama, Investida de Fogo",Quarta
Togekiss,"Fada, Voador","Confusão, Vento Cortante",Quarta
Yanmega,"Inseto, Voador","Investida, Vento Cortante",Quarta
Leafeon,"Planta","Raio Solar, Investida de Folhas",Quarta
Glaceon,"Gelo","Raio de Gelo, Confusão",Quarta
Gliscor,"Terrestre, Voador","Investida de Pedra, Vento Cortante",Quarta
Mamoswine,"Gelo, Terrestre","Raio de Gelo, Terremoto",Quarta
Porygon-Z,"Normal","Investida, Raio Psíquico",Quarta
Gallade,"Psíquico, Lutador","Confusão, Soco Dinâmico",Quarta
Probopass,"Rocha, Metal","Pedra Afiada, Investida de Pedra",Quarta
Dusknoir,"Fantasma","Bola Sombria, Confusão",Quarta
Froslass,"Gelo, Fantasma","Raio de Gelo, Confusão",Quarta
Rotom,"Elétrico, Fantasma","Raio Veloz, Bola Sombria",Quarta
Uxie,"Psíquico","Confusão, Raio Psíquico",Quarta
Mesprit,"Psíquico","Confusão, Raio Psíquico",Quarta
Azelf,"Psíquico","Confusão, Raio Psíquico",Quarta
Dialga,"Dragão, Metal","Garra Dragônica, Investida de Pedra",Quarta
Palkia,"Água, Dragão","Surf, Garra Dragônica",Quarta
Heatran,"Fogo, Metal","Chama, Investida de Pedra",Quarta
Regigigas,"Normal","Investida, Terremoto",Quarta
Giratina,"Fantasma, Dragão","Bola Sombria, Garra Dragônica",Quarta
Cresselia,"Psíquico","Confusão, Raio Psíquico",Quarta
Phione,"Água","Surf, Jato de Água",Quarta
Manaphy,"Água","Surf, Jato de Água",Quarta
Darkrai,"Noturno","Punho Sombrio, Bola Sombria",Quarta
Shaymin,"Planta","Raio Solar, Investida de Folhas",Quarta
Arceus,"Normal","Investida, Raio Psíquico",Quarta
Victini,"Psíquico, Fogo","Confusão, Chama",Quarta
Snivy,"Planta","Raio Solar, Investida de Folhas",Quarta
Servine,"Planta","Raio Solar, Investida de Folhas",Quarta
Serperior,"Planta","Raio Solar, Investida de Folhas",Quarta
Tepig,"Fogo","Chama, Investida de Fogo",Quarta
Pignite,"Fogo, Lutador","Chama, Soco Dinâmico",Quarta
Emboar,"Fogo, Lutador","Chama, Soco Dinâmico",Quarta
Oshawott,"Água","Surf, Jato de Água",Quarta
Dewott,"Água","Surf, Jato de Água",Quarta
Samurott,"Água","Surf, Jato de Água",Quarta
Patrat,"Normal","Investida, Mordida",Quarta
Watchog,"Normal","Investida, Mordida",Quarta
Lillipup,"Normal","Investida, Mordida",Quarta
Herdier,"Normal","Investida, Mordida",Quarta
Stoutland,"Normal","Investida, Mordida",Quarta
Purrloin,"Noturno","Punho Sombrio, Investida",Quarta
Liepard,"Noturno","Punho Sombrio, Investida",Quarta
Pansage,"Planta","Raio Solar, Investida de Folhas",Quarta
Simisage,"Planta","Raio Solar, Investida de Folhas",Quarta
Pansear,"Fogo","Chama, Investida de Fogo",Quarta
Simisear,"Fogo","Chama, Investida de Fogo",Quarta
Panpour,"Água","Surf, Jato de Água",Quarta
Simipour,"Água","Surf, Jato de Água",Quarta
Munna,"Psíquico","Confusão, Raio Psíquico",Quarta
Musharna,"Psíquico","Confusão, Raio Psíquico",Quarta
Pidove,"Normal, Voador","Investida, Vento Cortante",Quarta
Tranquill,"Normal, Voador","Investida, Vento Cortante",Quarta
Unfezant,"Normal, Voador","Investida, Vento Cortante",Quarta
Blitzle,"Elétrico","Raio Veloz, Choque do Trovão",Quarta
Zebstrika,"Elétrico","Raio Veloz, Choque do Trovão",Quarta
Roggenrola,"Rocha","Pedra Afiada, Investida de Pedra",Quarta
Boldore,"Rocha","Pedra Afiada, Investida de Pedra",Quarta
Gigalith,"Rocha","Pedra Afiada, Investida de Pedra",Quarta
Woobat,"Psíquico, Voador","Confusão, Vento Cortante",Quarta
Swoobat,"Psíquico, Voador","Confusão, Vento Cortante",Quarta
Drilbur,"Terrestre","Investida de Areia, Terremoto",Quarta
Excadrill,"Terrestre, Metal","Investida de Pedra, Terremoto",Quarta
Audino,"Normal","Investida, Hiper Raio",Quarta
Timburr,"Lutador","Soco Dinâmico, Investida",Quarta
Gurdurr,"Lutador","Soco Dinâmico, Investida",Quarta
Conkeldurr,"Lutador","Soco Dinâmico, Investida",Quarta
Tympole,"Água","Surf, Jato de Água",Quarta
Palpitoad,"Água, Terrestre","Surf, Terremoto",Quarta
Seismitoad,"Água, Terrestre","Surf, Terremoto",Quarta
Throh,"Lutador","Soco Dinâmico, Investida",Quarta
Sawk,"Lutador","Soco Dinâmico, Investida",Quarta
Sewaddle,"Inseto, Planta","Investida, Agulha Dupla",Quarta
Swadloon,"Inseto, Planta","Investida, Agulha Dupla",Quarta
Leavanny,"Inseto, Planta","Investida, Agulha Dupla",Quarta
Venipede,"Inseto, Venenoso","Investida, Agulha Dupla",Quarta
Whirlipede,"Inseto, Venenoso","Investida, Agulha Dupla",Quarta
Scolipede,"Inseto, Venenoso","Investida, Agulha Dupla",Quarta
Cottonee,"Planta, Fada","Raio Solar, Investida de Folhas",Quarta
Whimsicott,"Planta, Fada","Raio Solar, Investida de Folhas",Quarta
Petilil,"Planta","Raio Solar, Investida de Folhas",Quarta
Lilligant,"Planta","Raio Solar, Investida de Folhas",Quarta
Basculin,"Água","Surf, Jato de Água",Quarta
Sandile,"Terrestre, Noturno","Investida de Areia, Mordida",Quarta
Krokorok,"Terrestre, Noturno","Investida de Areia, Mordida",Quarta
Krookodile,"Terrestre, Noturno","Investida de Areia, Mordida",Quarta
Darumaka,"Fogo","Chama, Investida de Fogo",Quarta
Darmanitan,"Fogo","Chama, Investida de Fogo",Quarta
Maractus,"Planta","Raio Solar, Investida de Folhas",Quarta
Dwebble,"Inseto, Rocha","Investida, Pedra Afiada",Quarta
Crustle,"Inseto, Rocha","Investida, Pedra Afiada",Quarta
Scraggy,"Noturno, Lutador","Punho Sombrio, Soco Dinâmico",Quarta
Scrafty,"Noturno, Lutador","Punho Sombrio, Soco Dinâmico",Quarta
Sigilyph,"Psíquico, Voador","Confusão, Vento Cortante",Quarta
Yamask,"Fantasma","Bola Sombria, Confusão",Quarta
Cofagrigus,"Fantasma","Bola Sombria, Confusão",Quarta
Tirtouga,"Água, Rocha","Surf, Investida de Pedra",Quarta
Carracosta,"Água, Rocha","Surf, Investida de Pedra",Quarta
Archen,"Pedra, Voador","Pedra Afiada, Vento Cortante",Quarta
Archeops,"Pedra, Voador","Pedra Afiada, Vento Cortante",Quarta
Trubbish,"Venenoso","Presa Venenosa, Investida de Ácido",Quarta
Garbodor,"Venenoso","Presa Venenosa, Investida de Ácido",Quarta
Zorua,"Noturno","Punho Sombrio, Investida",Quarta
Zoroark,"Noturno","Punho Sombrio, Investida",Quarta
Minccino,"Normal","Investida, Mordida",Quarta
Cinccino,"Normal","Investida, Mordida",Quarta
Gothita,"Psíquico","Confusão, Raio Psíquico",Quarta
Gothorita,"Psíquico","Confusão, Raio Psíquico",Quarta
Gothitelle,"Psíquico","Confusão, Raio Psíquico",Quarta
Solosis,"Psíquico","Confusão, Raio Psíquico",Quarta
Duosion,"Psíquico","Confusão, Raio Psíquico",Quarta
Reuniclus,"Psíquico","Confusão, Raio Psíquico",Quarta
Ducklett,"Água, Voador","Surf, Vento Cortante",Quarta
Swanna,"Água, Voador","Surf, Vento Cortante",Quarta
Vanillite,"Gelo","Raio de Gelo, Confusão",Quarta
Vanillish,"Gelo","Raio de Gelo, Confusão",Quarta
Vanilluxe,"Gelo","Raio de Gelo, Confusão",Quarta
Deerling,"Normal, Planta","Investida, Raio Solar",Quarta
Sawsbuck,"Normal, Planta","Investida, Raio Solar",Quarta
Emolga,"Elétrico, Voador","Raio Veloz, Vento Cortante",Quarta
Karrablast,"Inseto","Investida, Agulha Dupla",Quarta
Escavalier,"Inseto, Metal","Investida, Agulha Dupla",Quarta
Foongus,"Planta, Venenoso","Raio Solar, Presa Venenosa",Quarta
Amoonguss,"Planta, Venenoso","Raio Solar, Presa Venenosa",Quarta
Frillish,"Água, Fantasma","Surf, Bola Sombria",Quarta
Jellicent,"Água, Fantasma","Surf, Bola Sombria",Quarta
Alomomola,"Água","Surf, Jato de Água",Quarta
Joltik,"Inseto, Elétrico","Raio Veloz, Agulha Dupla",Quarta
Galvantula,"Inseto, Elétrico","Raio Veloz, Agulha Dupla",Quarta
Ferroseed,"Metal, Planta","Investida de Pedra, Agulha Dupla",Quarta
Ferrothorn,"Metal, Planta","Investida de Pedra, Agulha Dupla",Quarta
Klink,"Metal","Investida de Pedra, Choque do Trovão",Quarta
Klang,"Metal","Investida de Pedra, Choque do Trovão",Quarta
Klinklang,"Metal","Investida de Pedra, Choque do Trovão",Quarta
Tynamo,"Elétrico","Raio Veloz, Choque do Trovão",Quarta
Eelektrik,"Elétrico","Raio Veloz, Choque do Trovão",Quarta
Eelektross,"Elétrico","Raio Veloz, Choque do Trovão",Quarta
Elgyem,"Psíquico","Confusão, Raio Psíquico",Quarta
Beheeyem,"Psíquico","Confusão, Raio Psíquico",Quarta
Litwick,"Fantasma, Fogo","Bola Sombria, Chama",Quarta
Lampent,"Fantasma, Fogo","Bola Sombria, Chama",Quarta
Chandelure,"Fantasma, Fogo","Bola Sombria, Chama",Quarta
Axew,"Dragão","Garra Dragônica, Investida de Pedra",Quarta
Fraxure,"Dragão","Garra Dragônica, Investida de Pedra",Quarta
Haxorus,"Dragão","Garra Dragônica, Investida de Pedra",Quarta
Cubchoo,"Gelo","Raio de Gelo, Confusão",Quarta
Beartic,"Gelo","Raio de Gelo, Confusão",Quarta
Cryogonal,"Gelo","Raio de Gelo, Confusão",Quarta
Shelmet,"Inseto","Investida, Agulha Dupla",Quarta
Accelgor,"Inseto","Investida, Agulha Dupla",Quarta
Stunfisk,"Elétrico, Terrestre","Raio Veloz, Investida de Pedra",Quarta
Mienfoo,"Lutador","Soco Dinâmico, Investida",Quarta
Mienshao,"Lutador","Soco Dinâmico, Investida",Quarta
Druddigon,"Dragão","Garra Dragônica, Investida de Pedra",Quarta
Golett,"Terrestre, Fantasma","Investida de Pedra, Soco Dinâmico",Quarta
Golurk,"Terrestre, Fantasma","Investida de Pedra, Soco Dinâmico",Quarta
Pawniard,"Sombrio, Metal","Punho Sombrio, Investida de Pedra",Quarta
Bisharp,"Sombrio, Metal","Punho Sombrio, Investida de Pedra",Quarta
Bouffalant,"Normal","Investida, Mordida",Quarta
Rufflet,"Normal, Voador","Investida, Vento Cortante",Quarta
Braviary,"Normal, Voador","Investida, Vento Cortante",Quarta
Vullaby,"Noturno, Voador","Punho Sombrio, Vento Cortante",Quarta
Mandibuzz,"Noturno, Voador","Punho Sombrio, Vento Cortante",Quarta
Heatmor,"Fogo","Chama, Investida de Fogo",Quarta
Durant,"Inseto, Metal","Investida, Agulha Dupla",Quarta
Deino,"Sombrio, Dragão","Punho Sombrio, Garra Dragônica",Quarta
Zweilous,"Sombrio, Dragão","Punho Sombrio, Garra Dragônica",Quarta
Hydreigon,"Sombrio, Dragão","Punho Sombrio, Garra Dragônica",Quarta
Larvesta,"Inseto, Fogo","Investida, Chama",Quarta
Volcarona,"Inseto, Fogo","Investida, Chama",Quarta
Cobalion,"Metal, Lutador","Investida de Pedra, Soco Dinâmico",Quarta
Terrakion,"Pedra, Lutador","Pedra Afiada, Soco Dinâmico",Quarta
Virizion,"Planta, Lutador","Raio Solar, Soco Dinâmico",Quarta
Tornadus,"Voador","Investida, Vento Cortante",Quarta
Thundurus,"Elétrico, Voador","Raio Veloz, Vento Cortante",Quarta
Reshiram,"Dragão, Fogo","Garra Dragônica, Chama",Quarta
Zekrom,"Dragão, Elétrico","Garra Dragônica, Raio Veloz",Quarta
Landorus,"Terrestre, Voador","Investida de Pedra, Vento Cortante",Quarta
Kyurem,"Gelo, Dragão","Raio de Gelo, Garra Dragônica",Quarta
Keldeo,"Água, Lutador","Surf, Soco Dinâmico",Quarta
Meloetta,"Normal, Psíquico","Investida, Confusão",Quarta
Genesect,"Inseto, Metal","Investida de Pedra, Agulha Dupla",Quarta
Chespin,"Planta","Raio Solar, Investida de Folhas",Quarta
Quilladin,"Planta","Raio Solar, Investida de Folhas",Quarta
Chesnaught,"Planta, Lutador","Raio Solar, Investida de Folhas",Quarta
Fennekin,"Fogo","Chama, Investida de Fogo",Quarta
Braixen,"Fogo","Chama, Investida de Fogo",Quarta
Delphox,"Fogo, Psíquico","Chama, Confusão",Quarta
Froakie,"Água","Surf, Jato de Água",Quarta
Frogadier,"Água","Surf, Jato de Água",Quarta
Greninja,"Água, Noturno","Surf, Soco Dinâmico",Quarta
Bunnelby,"Normal","Investida, Mordida",Quarta
Diggersby,"Normal, Terrestre","Investida, Mordida",Quarta
Fletchling,"Normal, Voador","Investida, Vento Cortante",Quarta
Fletchinder,"Fogo, Voador","Chama, Vento Cortante",Quarta
Talonflame,"Fogo, Voador","Chama, Vento Cortante",Quarta
Scatterbug,"Inseto","Investida, Agulha Dupla",Quarta
Spewpa,"Inseto","Investida, Agulha Dupla",Quarta
Vivillon,"Inseto, Voador","Investida, Vento Cortante",Quarta
Litleo,"Fogo, Normal","Chama, Mordida",Quarta
Pyroar,"Fogo, Normal","Chama, Mordida",Quarta
Flabébé,"Fada","Investida, Raio Solar",Quarta
Floette,"Fada","Investida, Raio Solar",Quarta
Florges,"Fada","Investida, Raio Solar",Quarta
Skiddo,"Planta","Raio Solar, Investida de Folhas",Quarta
Gogoat,"Planta","Raio Solar, Investida de Folhas",Quarta
Pancham,"Lutador","Soco Dinâmico, Investida",Quarta
Pangoro,"Lutador, Noturno","Soco Dinâmico, Punho Sombrio",Quarta
Furfrou,"Normal","Investida, Mordida",Quarta
Espurr,"Psíquico","Confusão, Investida",Quarta
Meowstic,"Psíquico","Confusão, Investida",Quarta
Honedge,"Aço, Fantasma","Investida de Pedra, Soco Dinâmico",Quarta
Doublade,"Aço, Fantasma","Investida de Pedra, Soco Dinâmico",Quarta
Aegislash,"Aço, Fantasma","Investida de Pedra, Soco Dinâmico",Quarta
Spritzee,"Fada","Investida, Raio Psíquico",Quarta
Aromatisse,"Fada","Investida, Raio Psíquico",Quarta
Swirlix,"Fada","Investida, Raio Psíquico",Quarta
Slurpuff,"Fada","Investida, Raio Psíquico",Quarta
Inkay,"Noturno, Psíquico","Punho Sombrio, Confusão",Quarta
Malamar,"Noturno, Psíquico","Punho Sombrio, Confusão",Quarta
Binacle,"Pedra, Água","Investida de Pedra, Surf",Quarta
Barbaracle,"Pedra, Água","Investida de Pedra, Surf",Quarta
Skrelp,"Água, Venenoso","Surf, Investida de Ácido",Quarta
Dragalge,"Água, Venenoso","Surf, Investida de Ácido",Quarta
Clauncher,"Água","Surf, Jato de Água",Quarta
Clawitzer,"Água","Surf, Jato de Água",Quarta
Helioptile,"Elétrico, Normal","Raio Veloz, Investida",Quarta
Heliolisk,"Elétrico, Normal","Raio Veloz, Investida",Quarta
Tyrunt,"Pedra, Dragão","Pedra Afiada, Garra Dragônica",Quarta
Tyrantrum,"Pedra, Dragão","Pedra Afiada, Garra Dragônica",Quarta
Amaura,"Pedra, Gelo","Pedra Afiada, Raio de Gelo",Quarta
Aurorus,"Pedra, Gelo","Pedra Afiada, Raio de Gelo",Quarta
Sylveon,"Fada","Investida, Raio Psíquico",Quarta
Hawlucha,"Lutador, Voador","Soco Dinâmico, Vento Cortante",Quarta
Dedenne,"Elétrico, Fada","Raio Veloz, Investida de Ácido",Quarta
Carbink,"Pedra, Fada","Pedra Afiada, Raio Psíquico",Quarta
Goomy,"Dragão","Garra Dragônica, Investida de Pedra",Quarta
Sliggoo,"Dragão","Garra Dragônica, Investida de Pedra",Quarta
Goodra,"Dragão","Garra Dragônica, Investida de Pedra",Quarta
Klefki,"Aço, Fada","Investida de Pedra, Raio Psíquico",Quarta
Phantump,"Fantasma, Planta","Bola Sombria, Investida de Folhas",Quarta
Trevenant,"Fantasma, Planta","Bola Sombria, Investida de Folhas",Quarta
Pumpkaboo,"Fantasma, Planta","Bola Sombria, Investida de Folhas",Quarta
Gourgeist,"Fantasma, Planta","Bola Sombria, Investida de Folhas",Quarta
Bergmite,"Gelo","Raio de Gelo, Confusão",Quarta
Avalugg,"Gelo","Raio de Gelo, Confusão",Quarta
Noibat,"Voador, Dragão","Investida, Vento Cortante",Quarta
Noivern,"Voador, Dragão","Investida, Vento Cortante",Quarta
Xerneas,"Fada","Investida, Raio Psíquico",Quarta
Yveltal,"Noturno, Voador","Punho Sombrio, Vento Cortante",Quarta
Zygarde,"Terrestre, Dragão","Investida de Pedra, Garra Dragônica",Quarta
Diancie,"Pedra, Fada","Pedra Afiada, Raio Psíquico",Quarta
Hoopa,"Psíquico, Fantasma","Confusão, Bola Sombria",Quarta
Volcanion,"Fogo, Água","Chama, Surf",Quarta
Rowlet,"Planta, Voador","Raio Solar, Vento Cortante",Quarta
Dartrix,"Planta, Voador","Raio Solar, Vento Cortante",Quarta
Decidueye,"Planta, Fantasma","Raio Solar, Bola Sombria",Quarta
Litten,"Fogo","Chama, Investida de Fogo",Quarta
Torracat,"Fogo","Chama, Investida de Fogo",Quarta
Incineroar,"Fogo, Noturno","Chama, Investida de Fogo",Quarta
Popplio,"Água","Surf, Jato de Água",Quarta
Brionne,"Água","Surf, Jato de Água",Quarta
Primarina,"Água, Fada","Surf, Investida de Ácido",Quarta
Pikipek,"Normal, Voador","Investida, Vento Cortante",Quarta
Trumbeak,"Normal, Voador","Investida, Vento Cortante",Quarta
Toucannon,"Normal, Voador","Investida, Vento Cortante",Quarta
Yungoos,"Normal","Investida, Mordida",Quarta
Gumshoos,"Normal","Investida, Mordida",Quarta
Grubbin,"Inseto","Investida, Agulha Dupla",Quarta
Charjabug,"Inseto, Elétrico","Investida, Raio Veloz",Quarta
Vikavolt,"Inseto, Elétrico","Investida, Raio Veloz",Quarta
Crabrawler,"Lutador","Soco Dinâmico, Investida de Ácido",Quarta
Crabominable,"Lutador, Gelo","Soco Dinâmico, Raio de Gelo",Quarta
Oricorio,"Elétrico, Voador","Raio Veloz, Vento Cortante",Quarta
Cutiefly,"Inseto, Fada","Investida, Raio Psíquico",Quarta
Ribombee,"Inseto, Fada","Investida, Raio Psíquico",Quarta
Rockruff,"Pedra","Pedra Afiada, Investida",Quarta
Lycanroc,"Pedra","Pedra Afiada, Investida",Quarta
Wishiwashi,"Água","Surf, Jato de Água",Quarta
Mareanie,"Água, Venenoso","Surf, Investida de Ácido",Quarta
Toxapex,"Água, Venenoso","Surf, Investida de Ácido",Quarta
Mudbray,"Terrestre","Investida de Pedra, Terremoto",Quarta
Mudsdale,"Terrestre","Investida de Pedra, Terremoto",Quarta
Dewpider,"Água, Inseto","Surf, Investida de Ácido",Quarta
Araquanid,"Água, Inseto","Surf, Investida de Ácido",Quarta
Fomantis,"Planta","Raio Solar, Investida de Folhas",Quarta
Lurantis,"Planta","Raio Solar, Investida de Folhas",Quarta
Morelull,"Planta, Venenoso","Raio Solar, Investida de Ácido",Quarta
Shiinotic,"Planta, Venenoso","Raio Solar, Investida de Ácido",Quarta
Salandit,"Venenoso, Fogo","Presa Venenosa, Chama",Quarta
Salazzle,"Venenoso, Fogo","Presa Venenosa, Chama",Quarta
Stufful,"Normal, Lutador","Investida, Soco Dinâmico",Quarta
Bewear,"Normal, Lutador","Investida, Soco Dinâmico",Quarta
Bounsweet,"Planta","Raio Solar, Investida de Folhas",Quarta
Steenee,"Planta","Raio Solar, Investida de Folhas",Quarta
Tsareena,"Planta","Raio Solar, Investida de Folhas",Quarta
Comfey,"Fada","Investida, Raio Psíquico",Quarta
Oranguru,"Normal, Psíquico","Investida, Confusão",Quarta
Passimian,"Lutador","Soco Dinâmico, Investida",Quarta
Wimpod,"Água, Inseto","Surf, Investida de Ácido",Quarta
Golisopod,"Água, Inseto","Surf, Investida de Ácido",Quarta
Sandygast,"Fantasma, Terrestre","Bola Sombria, Investida de Pedra",Quarta
Palossand,"Fantasma, Terrestre","Bola Sombria, Investida de Pedra",Quarta
Pyukumuku,"Água","Surf, Jato de Água",Quarta
Type: Null,"Normal","Investida, Soco Dinâmico",Quarta
Silicobra,"Terrestre","Investida de Pedra, Terremoto",Quarta
Sandaconda,"Terrestre","Investida de Pedra, Terremoto",Quarta
Cramorant,"Voador, Água","Investida, Vento Cortante",Quarta
Toxel,"Elétrico, Venenoso","Raio Veloz, Investida de Ácido",Quarta
Toxtricity,"Elétrico, Venenoso","Raio Veloz, Investida de Ácido",Quarta
Sizzlipede,"Fogo, Inseto","Chama, Investida de Ácido",Quarta
Centiskorch,"Fogo, Inseto","Chama, Investida de Ácido",Quarta
Clobbopus,"Lutador","Soco Dinâmico, Investida",Quarta
Grapploct,"Lutador","Soco Dinâmico, Investida",Quarta
Sinistea,"Fantasma","Bola Sombria, Confusão",Quarta
Polteageist,"Fantasma","Bola Sombria, Confusão",Quarta
Hatenna,"Psíquico","Confusão, Raio Psíquico",Quarta
Hattrem,"Psíquico","Confusão, Raio Psíquico",Quarta
Hatterene,"Psíquico, Fada","Confusão, Raio Psíquico",Quarta
Impidimp,"Noturno, Fada","Punho Sombrio, Investida de Ácido",Quarta
Morgrem,"Noturno, Fada","Punho Sombrio, Investida de Ácido",Quarta
Grimmsnarl,"Noturno, Fada","Punho Sombrio, Investida de Ácido",Quarta
Obstagoon,"Noturno, Normal","Punho Sombrio, Investida",Quarta
Perrserker,"Aço","Investida, Soco Dinâmico",Quarta
Cursola,"Fantasma","Bola Sombria, Confusão",Quarta
Sirfetch'd,"Lutador","Soco Dinâmico, Investida",Quarta
Mr. Rime,"Psíquico, Gelo","Confusão, Raio de Gelo",Quarta
Runerigus,"Fantasma, Terrestre","Bola Sombria, Investida de Pedra",Quarta
Milcery,"Fada","Investida, Raio Psíquico",Quarta
Alcremie,"Fada","Investida, Raio Psíquico",Quarta
Falinks,"Lutador","Soco Dinâmico, Investida",Quarta
Pincurchin,"Elétrico","Raio Veloz, Investida de Ácido",Quarta
Snom,"Gelo, Inseto","Raio de Gelo, Investida",Quarta
Frosmoth,"Gelo, Inseto","Raio de Gelo, Investida",Quarta
Stonjourner,"Pedra","Investida de Pedra, Terremoto",Quarta
Eiscue,"Gelo","Raio de Gelo, Confusão",Quarta
Indeedee,"Psíquico, Normal","Confusão, Investida",Quarta
Morpeko,"Elétrico, Sombrio","Raio Veloz, Punho Sombrio",Quarta
Cufant,"Aço","Investida, Soco Dinâmico",Quarta
Copperajah,"Aço","Investida, Soco Dinâmico",Quarta
Dracozolt,"Elétrico, Dragão","Raio Veloz, Garra Dragônica",Quarta
Arctozolt,"Elétrico, Gelo","Raio Veloz, Raio de Gelo",Quarta
Dracovish,"Água, Dragão","Surf, Garra Dragônica",Quarta
Arctovish,"Água, Gelo","Surf, Raio de Gelo",Quarta
Duraludon,"Aço, Dragão","Investida, Garra Dragônica",Quarta
Dreepy,"Dragão, Fantasma","Garra Dragônica, Bola Sombria",Quarta
Drakloak,"Dragão, Fantasma","Garra Dragônica, Bola Sombria",Quarta
Dragapult,"Dragão, Fantasma","Garra Dragônica, Bola Sombria",Quarta
Zacian,"Fada, Aço","Investida, Soco Dinâmico",Quarta
Zamazenta,"Lutador, Aço","Soco Dinâmico, Investida",Quarta
Eternatus,"Veneno, Dragão","Presa Venenosa, Garra Dragônica",Quarta
Snivy,"Planta","Investida, Raio Solar",Quinta
Servine,"Planta","Investida, Raio Solar",Quinta
Serperior,"Planta","Investida, Raio Solar",Quinta
Tepig,"Fogo","Chama, Investida de Fogo",Quinta
Pignite,"Fogo, Lutador","Chama, Investida de Fogo",Quinta
Emboar,"Fogo, Lutador","Chama, Investida de Fogo",Quinta
Oshawott,"Água","Surf, Jato de Água",Quinta
Dewott,"Água","Surf, Jato de Água",Quinta
Samurott,"Água","Surf, Jato de Água",Quinta
Patrat,"Normal","Investida, Mordida",Quinta
Watchog,"Normal","Investida, Mordida",Quinta
Lillipup,"Normal","Investida, Mordida",Quinta
Herdier,"Normal","Investida, Mordida",Quinta
Stoutland,"Normal","Investida, Mordida",Quinta
Purrloin,"Sombrio","Punho Sombrio, Investida",Quinta
Liepard,"Sombrio","Punho Sombrio, Investida",Quinta
Pansage,"Planta","Investida, Raio Solar",Quinta
Simisage,"Planta","Investida, Raio Solar",Quinta
Pansear,"Fogo","Chama, Investida de Fogo",Quinta
Simisear,"Fogo","Chama, Investida de Fogo",Quinta
Panpour,"Água","Surf, Jato de Água",Quinta
Simipour,"Água","Surf, Jato de Água",Quinta
Munna,"Psíquico","Confusão, Raio Psíquico",Quinta
Musharna,"Psíquico","Confusão, Raio Psíquico",Quinta
Pidove,"Normal, Voador","Investida, Vento Cortante",Quinta
Tranquill,"Normal, Voador","Investida, Vento Cortante",Quinta
Unfezant,"Normal, Voador","Investida, Vento Cortante",Quinta
Blitzle,"Elétrico","Raio Veloz, Investida",Quinta
Zebstrika,"Elétrico","Raio Veloz, Investida",Quinta
Roggenrola,"Pedra","Investida de Pedra, Terremoto",Quinta
Boldore,"Pedra","Investida de Pedra, Terremoto",Quinta
Gigalith,"Pedra","Investida de Pedra, Terremoto",Quinta
Woobat,"Psíquico, Voador","Confusão, Vento Cortante",Quinta
Swoobat,"Psíquico, Voador","Confusão, Vento Cortante",Quinta
Drilbur,"Terrestre","Investida de Pedra, Terremoto",Quinta
Excadrill,"Terrestre, Metal","Investida de Pedra, Terremoto",Quinta
Audino,"Normal","Investida, Mordida",Quinta
Timburr,"Lutador","Soco Dinâmico, Investida",Quinta
Gurdurr,"Lutador","Soco Dinâmico, Investida",Quinta
Conkeldurr,"Lutador","Soco Dinâmico, Investida",Quinta
Tympole,"Água","Surf, Jato de Água",Quinta
Palpitoad,"Água, Terrestre","Surf, Terremoto",Quinta
Seismitoad,"Água, Terrestre","Surf, Terremoto",Quinta
Throh,"Lutador","Soco Dinâmico, Investida",Quinta
Sawk,"Lutador","Soco Dinâmico, Investida",Quinta
Sewaddle,"Inseto, Planta","Investida, Agulha Dupla",Quinta
Swadloon,"Inseto, Planta","Investida, Agulha Dupla",Quinta
Leavanny,"Inseto, Planta","Investida, Agulha Dupla",Quinta
Venipede,"Inseto, Venenoso","Investida, Agulha Dupla",Quinta
Whirlipede,"Inseto, Venenoso","Investida, Agulha Dupla",Quinta
Scolipede,"Inseto, Venenoso","Investida, Agulha Dupla",Quinta
Cottonee,"Planta, Fada","Raio Solar, Investida de Folhas",Quinta
Whimsicott,"Planta, Fada","Raio Solar, Investida de Folhas",Quinta
Petilil,"Planta","Raio Solar, Investida de Folhas",Quinta
Lilligant,"Planta","Raio Solar, Investida de Folhas",Quinta
Basculin,"Água","Surf, Jato de Água",Quinta
Sandile,"Terrestre, Sombrio","Investida de Pedra, Punho Sombrio",Quinta
Krokorok,"Terrestre, Sombrio","Investida de Pedra, Punho Sombrio",Quinta
Krookodile,"Terrestre, Sombrio","Investida de Pedra, Punho Sombrio",Quinta
Darumaka,"Fogo","Chama, Investida de Fogo",Quinta
Darmanitan,"Fogo","Chama, Investida de Fogo",Quinta
Maractus,"Planta","Raio Solar, Investida de Folhas",Quinta
Dwebble,"Inseto, Pedra","Investida, Investida de Pedra",Quinta
Crustle,"Inseto, Pedra","Investida, Investida de Pedra",Quinta
Scraggy,"Sombrio, Lutador","Punho Sombrio, Investida",Quinta
Scrafty,"Sombrio, Lutador","Punho Sombrio, Investida",Quinta
Sigilyph,"Psíquico, Voador","Confusão, Vento Cortante",Quinta
Yamask,"Fantasma","Bola Sombria, Confusão",Quinta
Cofagrigus,"Fantasma","Bola Sombria, Confusão",Quinta
Tirtouga,"Água, Pedra","Surf, Investida de Pedra",Quinta
Carracosta,"Água, Pedra","Surf, Investida de Pedra",Quinta
Archen,"Pedra, Voador","Investida de Pedra, Vento Cortante",Quinta
Archeops,"Pedra, Voador","Investida de Pedra, Vento Cortante",Quinta
Trubbish,"Venenoso","Investida, Investida de Ácido",Quinta
Garbodor,"Venenoso","Investida, Investida de Ácido",Quinta
Zorua,"Sombrio","Punho Sombrio, Investida",Quinta
Zoroark,"Sombrio","Punho Sombrio, Investida",Quinta
Minccino,"Normal","Investida, Mordida",Quinta
Cinccino,"Normal","Investida, Mordida",Quinta
Gothita,"Psíquico","Confusão, Raio Psíquico",Quinta
Gothorita,"Psíquico","Confusão, Raio Psíquico",Quinta
Gothitelle,"Psíquico","Confusão, Raio Psíquico",Quinta
Solosis,"Psíquico","Confusão, Raio Psíquico",Quinta
Duosion,"Psíquico","Confusão, Raio Psíquico",Quinta
Reuniclus,"Psíquico","Confusão, Raio Psíquico",Quinta
Ducklett,"Água, Voador","Surf, Vento Cortante",Quinta
Swanna,"Água, Voador","Surf, Vento Cortante",Quinta
Vanillite,"Gelo","Raio de Gelo, Confusão",Quinta
Vanillish,"Gelo","Raio de Gelo, Confusão",Quinta
Vanilluxe,"Gelo","Raio de Gelo, Confusão",Quinta
Deerling,"Normal, Planta","Investida, Raio Solar",Quinta
Sawsbuck,"Normal, Planta","Investida, Raio Solar",Quinta
Emolga,"Elétrico, Voador","Raio Veloz, Investida de Ácido",Quinta
Karrablast,"Inseto","Investida, Agulha Dupla",Quinta
Escavalier,"Inseto, Metal","Investida, Agulha Dupla",Quinta
Foongus,"Planta, Venenoso","Raio Solar, Investida de Ácido",Quinta
Amoonguss,"Planta, Venenoso","Raio Solar, Investida de Ácido",Quinta
Frillish,"Água, Fantasma","Surf, Bola Sombria",Quinta
Jellicent,"Água, Fantasma","Surf, Bola Sombria",Quinta
Alomomola,"Água","Surf, Jato de Água",Quinta
Joltik,"Inseto, Elétrico","Investida, Raio Veloz",Quinta
Galvantula,"Inseto, Elétrico","Investida, Raio Veloz",Quinta
Ferroseed,"Metal, Planta","Investida de Pedra, Investida",Quinta
Ferrothorn,"Metal, Planta","Investida de Pedra, Investida",Quinta
Klink,"Metal","Investida de Pedra, Investida",Quinta
Klang,"Metal","Investida de Pedra, Investida",Quinta
Klinklang,"Metal","Investida de Pedra, Investida",Quinta
Tynamo,"Elétrico","Raio Veloz, Investida de Ácido",Quinta
Eelektrik,"Elétrico","Raio Veloz, Investida de Ácido",Quinta
Eelektross,"Elétrico","Raio Veloz, Investida de Ácido",Quinta
Elgyem,"Psíquico","Confusão, Raio Psíquico",Quinta
Beheeyem,"Psíquico","Confusão, Raio Psíquico",Quinta
Litwick,"Fantasma, Fogo","Bola Sombria, Chama",Quinta
Lampent,"Fantasma, Fogo","Bola Sombria, Chama",Quinta
Chandelure,"Fantasma, Fogo","Bola Sombria, Chama",Quinta
Axew,"Dragão","Garra Dragônica, Investida de Pedra",Quinta
Fraxure,"Dragão","Garra Dragônica, Investida de Pedra",Quinta
Haxorus,"Dragão","Garra Dragônica, Investida de Pedra",Quinta
Cubchoo,"Gelo","Raio de Gelo, Confusão",Quinta
Beartic,"Gelo","Raio de Gelo, Confusão",Quinta
Cryogonal,"Gelo","Raio de Gelo, Confusão",Quinta
Shelmet,"Inseto","Investida, Agulha Dupla",Quinta
Accelgor,"Inseto","Investida, Agulha Dupla",Quinta
Stunfisk,"Elétrico, Terrestre","Raio Veloz, Investida de Pedra",Quinta
Mienfoo,"Lutador","Soco Dinâmico, Investida",Quinta
Mienshao,"Lutador","Soco Dinâmico, Investida",Quinta
Druddigon,"Dragão","Garra Dragônica, Investida de Pedra",Quinta
Golett,"Terrestre, Fantasma","Investida de Pedra, Bola Sombria",Quinta
Golurk,"Terrestre, Fantasma","Investida de Pedra, Bola Sombria",Quinta
Pawniard,"Sombrio, Metal","Punho Sombrio, Investida de Pedra",Quinta
Bisharp,"Sombrio, Metal","Punho Sombrio, Investida de Pedra",Quinta
Bouffalant,"Normal","Investida, Mordida",Quinta
Rufflet,"Normal, Voador","Investida, Vento Cortante",Quinta
Braviary,"Normal, Voador","Investida, Vento Cortante",Quinta
Vullaby,"Sombrio, Voador","Punho Sombrio, Vento Cortante",Quinta
Mandibuzz,"Sombrio, Voador","Punho Sombrio, Vento Cortante",Quinta
Heatmor,"Fogo","Chama, Investida de Fogo",Quinta
Durant,"Inseto, Metal","Investida, Agulha Dupla",Quinta
Deino,"Sombrio, Dragão","Punho Sombrio, Garra Dragônica",Quinta
Zweilous,"Sombrio, Dragão","Punho Sombrio, Garra Dragônica",Quinta
Hydreigon,"Sombrio, Dragão","Punho Sombrio, Garra Dragônica",Quinta
Larvesta,"Inseto, Fogo","Investida, Chama",Quinta
Volcarona,"Inseto, Fogo","Investida, Chama",Quinta
Cobalion,"Metal, Lutador","Investida de Pedra, Soco Dinâmico",Quinta
Terrakion,"Pedra, Lutador","Investida de Pedra, Soco Dinâmico",Quinta
Virizion,"Planta, Lutador","Investida, Soco Dinâmico",Quinta
Tornadus,"Voador","Investida, Vento Cortante",Quinta
Thundurus,"Elétrico, Voador","Raio Veloz, Vento Cortante",Quinta
Reshiram,"Dragão, Fogo","Garra Dragônica, Chama",Quinta
Zekrom,"Dragão, Elétrico","Garra Dragônica, Raio Veloz",Quinta
Landorus,"Terrestre, Voador","Investida de Pedra, Vento Cortante",Quinta
Kyurem,"Dragão, Gelo","Garra Dragônica, Raio de Gelo",Quinta
Keldeo,"Água, Lutador","Surf, Soco Dinâmico",Quinta
Meloetta,"Normal, Psíquico","Investida, Confusão",Quinta
Genesect,"Inseto, Metal","Investida, Agulha Dupla",Quinta
Chespin,"Planta","Investida, Raio Solar",Sexta
Quilladin,"Planta","Investida, Raio Solar",Sexta
Chesnaught,"Planta, Lutador","Investida, Soco Dinâmico",Sexta
Fennekin,"Fogo","Chama, Investida de Fogo",Sexta
Braixen,"Fogo","Chama, Investida de Fogo",Sexta
Delphox,"Fogo, Psíquico","Chama, Confusão",Sexta
Froakie,"Água","Surf, Jato de Água",Sexta
Frogadier,"Água","Surf, Jato de Água",Sexta
Greninja,"Água, Sombrio","Surf, Punho Sombrio",Sexta
Bunnelby,"Normal","Investida, Mordida",Sexta
Diggersby,"Normal, Terrestre","Investida, Terremoto",Sexta
Fletchling,"Normal, Voador","Investida, Vento Cortante",Sexta
Fletchinder,"Fogo, Voador","Chama, Vento Cortante",Sexta
Talonflame,"Fogo, Voador","Chama, Vento Cortante",Sexta
Scatterbug,"Inseto","Investida, Agulha Dupla",Sexta
Spewpa,"Inseto","Investida, Agulha Dupla",Sexta
Vivillon,"Inseto, Voador","Investida, Vento Cortante",Sexta
Litleo,"Fogo, Normal","Chama, Investida",Sexta
Pyroar,"Fogo, Normal","Chama, Investida",Sexta
Flabébé,"Fada","Investida, Raio Psíquico",Sexta
Floette,"Fada","Investida, Raio Psíquico",Sexta
Florges,"Fada","Investida, Raio Psíquico",Sexta
Skiddo,"Planta","Investida, Raio Solar",Sexta
Gogoat,"Planta","Investida, Raio Solar",Sexta
Pancham,"Lutador","Soco Dinâmico, Investida",Sexta
Pangoro,"Lutador, Sombrio","Soco Dinâmico, Punho Sombrio",Sexta
Furfrou,"Normal","Investida, Mordida",Sexta
Espurr,"Psíquico","Confusão, Raio Psíquico",Sexta
Meowstic,"Psíquico","Confusão, Raio Psíquico",Sexta
Honedge,"Fantasma, Metal","Bola Sombria, Investida de Pedra",Sexta
Doublade,"Fantasma, Metal","Bola Sombria, Investida de Pedra",Sexta
Aegislash,"Fantasma, Metal","Bola Sombria, Investida de Pedra",Sexta
Spritzee,"Fada","Investida, Raio Psíquico",Sexta
Aromatisse,"Fada","Investida, Raio Psíquico",Sexta
Swirlix,"Fada","Investida, Raio Psíquico",Sexta
Slurpuff,"Fada","Investida, Raio Psíquico",Sexta
Inkay,"Sombrio, Psíquico","Punho Sombrio, Confusão",Sexta
Malamar,"Sombrio, Psíquico","Punho Sombrio, Confusão",Sexta
Binacle,"Pedra, Água","Investida de Pedra, Surf",Sexta
Barbaracle,"Pedra, Água","Investida de Pedra, Surf",Sexta
Skrelp,"Veneno, Água","Investida de Ácido, Surf",Sexta
Dragalge,"Veneno, Dragão","Investida de Ácido, Garra Dragônica",Sexta
Clauncher,"Água","Surf, Jato de Água",Sexta
Clawitzer,"Água","Surf, Jato de Água",Sexta
Helioptile,"Elétrico, Normal","Raio Veloz, Investida",Sexta
Heliolisk,"Elétrico, Normal","Raio Veloz, Investida",Sexta
Tyrunt,"Pedra, Dragão","Investida de Pedra, Garra Dragônica",Sexta
Tyrantrum,"Pedra, Dragão","Investida de Pedra, Garra Dragônica",Sexta
Amaura,"Pedra, Gelo","Investida de Pedra, Raio de Gelo",Sexta
Aurorus,"Pedra, Gelo","Investida de Pedra, Raio de Gelo",Sexta
Sylveon,"Fada","Investida, Raio Psíquico",Sexta
Hawlucha,"Lutador, Voador","Soco Dinâmico, Vento Cortante",Sexta
Dedenne,"Elétrico, Fada","Raio Veloz, Investida de Raio Psíquico",Sexta
Carbink,"Pedra, Fada","Investida de Pedra, Raio Psíquico",Sexta
Goomy,"Dragão","Garra Dragônica, Investida de Ácido",Sexta
Sliggoo,"Dragão","Garra Dragônica, Investida de Ácido",Sexta
Goodra,"Dragão","Garra Dragônica, Investida de Ácido",Sexta
Klefki,"Metal, Fada","Investida de Pedra, Raio Psíquico",Sexta
Phantump,"Fantasma, Planta","Bola Sombria, Investida de Pedra",Sexta
Trevenant,"Fantasma, Planta","Bola Sombria, Investida de Pedra",Sexta
Pumpkaboo,"Fantasma, Planta","Bola Sombria, Investida de Pedra",Sexta
Gourgeist,"Fantasma, Planta","Bola Sombria, Investida de Pedra",Sexta
Bergmite,"Gelo","Raio de Gelo, Confusão",Sexta
Avalugg,"Gelo","Raio de Gelo, Confusão",Sexta
Noibat,"Voador, Dragão","Investida, Garra Dragônica",Sexta
Noivern,"Voador, Dragão","Investida, Garra Dragônica",Sexta
Xerneas,"Fada","Investida, Raio Psíquico",Sexta
Yveltal,"Sombrio, Voador","Punho Sombrio, Vento Cortante",Sexta
Zygarde,"Terrestre, Dragão","Investida de Pedra, Garra Dragônica",Sexta
Diancie,"Pedra, Fada","Investida de Pedra, Raio Psíquico",Sexta
Hoopa,"Psíquico, Fantasma","Confusão, Bola Sombria",Sexta
Volcanion,"Fogo, Água","Chama, Surf",Sexta
Rowlet,"Planta, Voador","Investida, Vento Cortante",Sétima
Dartrix,"Planta, Voador","Investida, Vento Cortante",Sétima
Decidueye,"Planta, Fantasma","Investida, Bola Sombria",Sétima
Litten,"Fogo","Chama, Investida de Fogo",Sétima
Torracat,"Fogo","Chama, Investida de Fogo",Sétima
Incineroar,"Fogo, Sombrio","Chama, Punho Sombrio",Sétima
Popplio,"Água","Surf, Jato de Água",Sétima
Brionne,"Água","Surf, Jato de Água",Sétima
Primarina,"Água, Fada","Surf, Raio Psíquico",Sétima
Pikipek,"Normal, Voador","Investida, Vento Cortante",Sétima
Trumbeak,"Normal, Voador","Investida, Vento Cortante",Sétima
Toucannon,"Normal, Voador","Investida, Vento Cortante",Sétima
Yungoos,"Normal","Investida, Mordida",Sétima
Gumshoos,"Normal","Investida, Mordida",Sétima
Grubbin,"Inseto","Investida, Agulha Dupla",Sétima
Charjabug,"Inseto, Elétrico","Investida, Raio Veloz",Sétima
Vikavolt,"Inseto, Elétrico","Investida, Raio Veloz",Sétima
Crabrawler,"Lutador","Soco Dinâmico, Investida de Pedra",Sétima
Crabominable,"Lutador, Gelo","Soco Dinâmico, Raio de Gelo",Sétima
Oricorio,"Fogo, Voador","Chama, Vento Cortante",Sétima
Cutiefly,"Inseto, Fada","Investida, Raio Psíquico",Sétima
Ribombee,"Inseto, Fada","Investida, Raio Psíquico",Sétima
Rockruff,"Pedra","Investida de Pedra, Investida de Fogo",Sétima
Lycanroc,"Pedra","Investida de Pedra, Investida de Fogo",Sétima
Wishiwashi,"Água","Surf, Jato de Água",Sétima
Mareanie,"Veneno, Água","Investida de Ácido, Surf",Sétima
Toxapex,"Veneno, Água","Investida de Ácido, Surf",Sétima
Mudbray,"Terrestre","Investida de Pedra, Terremoto",Sétima
Mudsdale,"Terrestre","Investida de Pedra, Terremoto",Sétima
Dewpider,"Água, Inseto","Surf, Investida de Ácido",Sétima
Araquanid,"Água, Inseto","Surf, Investida de Ácido",Sétima
Fomantis,"Planta","Investida, Raio Solar",Sétima
Lurantis,"Planta","Investida, Raio Solar",Sétima
Morelull,"Planta, Venenoso","Investida, Investida de Ácido",Sétima
Shiinotic,"Planta, Venenoso","Investida, Investida de Ácido",Sétima
Salandit,"Veneno, Fogo","Investida de Ácido, Chama",Sétima
Salazzle,"Veneno, Fogo","Investida de Ácido, Chama",Sétima
Stufful,"Normal, Lutador","Investida, Soco Dinâmico",Sétima
Bewear,"Normal, Lutador","Investida, Soco Dinâmico",Sétima
Bounsweet,"Planta","Investida, Raio Solar",Sétima
Steenee,"Planta","Investida, Raio Solar",Sétima
Tsareena,"Planta","Investida, Raio Solar",Sétima
Comfey,"Fada","Investida, Raio Psíquico",Sétima
Oranguru,"Normal, Psíquico","Investida, Confusão",Sétima
Passimian,"Lutador","Soco Dinâmico, Investida",Sétima
Wimpod,"Água, Inseto","Surf, Investida de Ácido",Sétima
Golisopod,"Água, Inseto","Surf, Investida de Ácido",Sétima
Sandygast,"Fantasma, Terrestre","Bola Sombria, Terremoto",Sétima
Palossand,"Fantasma, Terrestre","Bola Sombria, Terremoto",Sétima
Pyukumuku,"Água","Surf, Jato de Água",Sétima
Type: Null,"Normal","Investida, Mordida",Sétima
Silicobra,"Terrestre","Investida de Pedra, Terremoto",Sétima
Sandaconda,"Terrestre","Investida de Pedra, Terremoto",Sétima
Minior,"Rocha, Voador","Investida de Pedra, Vento Cortante",Sétima
Komala,"Normal","Investida, Mordida",Sétima
Turtonator,"Fogo, Dragão","Chama, Garra Dragônica",Sétima
Togedemaru,"Elétrico, Aço","Raio Veloz, Investida de Pedra",Sétima
Mimikyu,"Fantasma, Fada","Bola Sombria, Raio Psíquico",Sétima
Bruxish,"Água, Psíquico","Surf, Confusão",Sétima
Drampa,"Normal, Dragão","Investida, Garra Dragônica",Sétima
Dhelmise,"Fantasma, Planta","Bola Sombria, Investida de Pedra",Sétima
Jangmo-o,"Dragão","Garra Dragônica, Investida de Pedra",Sétima
Hakamo-o,"Dragão, Lutador","Garra Dragônica, Soco Dinâmico",Sétima
Kommo-o,"Dragão, Lutador","Garra Dragônica, Soco Dinâmico",Sétima
Tapu Koko,"Elétrico, Fada","Raio Veloz, Investida de Pedra",Sétima
Tapu Lele,"Psíquico, Fada","Confusão, Raio Psíquico",Sétima
Tapu Bulu,"Planta, Fada","Investida, Raio Psíquico",Sétima
Tapu Fini,"Água, Fada","Surf, Raio Psíquico",Sétima
Cosmog,"Psíquico","Confusão, Raio Psíquico",Sétima
Cosmoem,"Psíquico","Confusão, Raio Psíquico",Sétima
Solgaleo,"Psíquico, Aço","Confusão, Investida de Pedra",Sétima
Lunala,"Psíquico, Fantasma","Confusão, Bola Sombria",Sétima
Nihilego,"Pedra, Venenoso","Investida de Pedra, Investida de Ácido",Sétima
Buzzwole,"Inseto, Lutador","Investida, Soco Dinâmico",Sétima
Pheromosa,"Inseto, Lutador","Investida, Soco Dinâmico",Sétima
Xurkitree,"Elétrico","Raio Veloz, Investida de Pedra",Sétima
Celesteela,"Aço, Voador","Investida de Pedra, Vento Cortante",Sétima
Kartana,"Planta, Aço","Investida, Investida de Pedra",Sétima
Guzzlord,"Escuro, Dragão","Punho Sombrio, Garra Dragônica",Sétima
Necrozma,"Psíquico","Confusão, Raio Psíquico",Sétima
Magearna,"Fada, Aço","Investida, Investida de Pedra",Sétima
Marshadow,"Lutador, Fantasma","Soco Dinâmico, Bola Sombria",Sétima
Poipole,"Venenoso","Investida, Investida de Ácido",Sétima
Naganadel,"Venenoso, Dragão","Investida de Ácido, Garra Dragônica",Sétima
Stakataka,"Pedra, Aço","Investida de Pedra, Investida de Pedra",Sétima
Blacephalon,"Fogo, Fantasma","Chama, Bola Sombria",Sétima
Zeraora,"Elétrico","Raio Veloz, Investida de Pedra",Sétima
Meltan,"Aço","Investida, Investida de Pedra",Sétima
Melmetal,"Aço","Investida, Investida de Pedra",Sétima
Frosmoth,"Gelo, Inseto","Raio de Gelo, Pó Congelante",Oitava
Cramorant,"Voador, Água","Surf, Bico Perfurante",Oitava
Grapploct,"Lutador","Soco Dinâmico, Tentáculo Giratório",Oitava
Sandaconda,"Terra","Terremoto, Investida de Areia",Oitava
Toxel,"Elétrico, Venenoso","Veneno Ácido, Choque do Trovão",Oitava
Duraludon,"Metal, Dragão","Corte Feroz, Garra Dragônica",Oitava
Galarian Darmanitan,"Gelo","Raio de Gelo, Investida de Fogo",Oitava
Galarian Corsola,"Fantasma","Bola Sombria, Confusão",Oitava
Galarian Weezing,"Venenoso, Fada","Gás Venenoso, Névoa Encantada",Oitava
Galarian Rapidash,"Psíquico, Fada","Confusão, Raio Psíquico",Oitava
Hattrem,"Fada, Psíquico","Raio Psíquico, Bola Sombria",Oitava
Indeedee,"Psíquico, Normal","Confusão, Desejo",Oitava
Coalossal,"Fogo, Rocha","Chama, Pedra Afiada",Oitava
Appletun,"Planta, Dragão","Raio Solar, Garra Dragônica",Oitava
Flapple,"Planta, Dragão","Raio Solar, Garra Dragônica",Oitava
Silicobra,"Terra","Investida de Areia, Terremoto",Oitava
Arrokuda,"Água","Surf, Aqua Jet",Oitava
Drednaw,"Água, Rocha","Surf, Investida de Pedra",Oitava
Eldegoss,"Planta","Raio Solar, Pó Mágico",Oitava
Boltent,"Elétrico","Raio Veloz, Choque do Trovão",Oitava
Sandacobra,"Terra","Investida de Areia, Terremoto",Oitava
Rolycoly,"Rocha","Pedra Afiada, Investida de Pedra",Oitava
Applin,"Planta, Dragão","Raio Solar, Garra Dragônica",Oitava
Hatenna,"Fada, Psíquico","Raio Psíquico, Bola Sombria",Oitava
Impidimp,"Noturno, Fada","Punho Sombrio, Desejo Misterioso",Oitava
Morgrem,"Noturno, Fada","Punho Sombrio, Desejo Misterioso",Oitava
Perrserker,"Aço","Asas de Ferro, Corte Feroz",Oitava
Copperajah,"Metal, Elétrico","Corte Feroz, Choque do Trovão",Oitava
Falinks,"Lutador","Soco Dinâmico, Investida",Oitava
Pincurchin,"Elétrico","Choque do Trovão, Esfera Aura",Oitava
Cursola,"Fantasma","Bola Sombria, Confusão",Oitava
Runerigus,"Fantasma, Terra","Bola Sombria, Terremoto",Oitava
Stonjourner,"Rocha","Pedra Afiada, Investida",Oitava
Eiscue,"Gelo","Raio de Gelo, Tumulto",Oitava
Indeedee,"Psíquico, Normal","Confusão, Desejo",Oitava
Corviknight,"Voador, Aço","Bico Perfurante, Pena Afiada",Oitava
Grimmsnarl,"Noturno, Fada","Punho Sombrio, Desejo Misterioso",Oitava
Toxtricity,"Elétrico, Venenoso","Choque do Trovão, Veneno Ácido",Oitava
Boltund,"Elétrico","Raio Veloz, Choque do Trovão",Oitava
Frosmoth,"Gelo, Inseto","Raio de Gelo, Pó Congelante",Oitava
Cramorant,"Voador, Água","Surf, Bico Perfurante",Oitava
Grapploct,"Lutador","Soco Dinâmico, Tentáculo Giratório",Oitava
Sandaconda,"Terra","Terremoto, Investida de Areia",Oitava
Toxel,"Elétrico, Venenoso","Veneno Ácido, Choque do Trovão",Oitava
Duraludon,"Metal, Dragão","Corte Feroz, Garra Dragônica",Oitava
Galarian Darmanitan,"Gelo","Raio de Gelo, Investida de Fogo",Oitava
Galarian Corsola,"Fantasma","Bola Sombria, Confusão",Oitava
Galarian Weezing,"Venenoso, Fada","Gás Venenoso, Névoa Encantada",Oitava
Galarian Rapidash,"Psíquico, Fada","Confusão, Raio Psíquico",Oitava
Hattrem,"Fada, Psíquico","Raio Psíquico, Bola Sombria",Oitava
Indeedee,"Psíquico, Normal","Confusão, Desejo",Oitava
Coalossal,"Fogo, Rocha","Chama, Pedra Afiada",Oitava
Appletun,"Planta, Dragão","Raio Solar, Garra Dragônica",Oitava
Flapple,"Planta, Dragão","Raio Solar, Garra Dragônica",Oitava
Silicobra,"Terra","Investida de Areia, Terremoto",Oitava
Arrokuda,"Água","Surf, Aqua Jet",Oitava
Drednaw,"Água, Rocha","Surf, Investida de Pedra",Oitava
Eldegoss,"Planta","Raio Solar, Pó Mágico",Oitava
Boltent,"Elétrico","Raio Veloz, Choque do Trovão",Oitava
Sandacobra,"Terra","Investida de Areia, Terremoto",Oitava
Rolycoly,"Rocha","Pedra Afiada, Investida de Pedra",Oitava
Applin,"Planta, Dragão","Raio Solar, Garra Dragônica",Oitava
Hatenna,"Fada, Psíquico","Raio Psíquico, Bola Sombria",Oitava
Impidimp,"Noturno, Fada","Punho Sombrio, Desejo Misterioso",Oitava
Morgrem,"Noturno, Fada","Punho Sombrio, Desejo Misterioso",Oitava
Perrserker,"Aço","Asas de Ferro, Corte Feroz",Oitava
Copperajah,"Metal, Elétrico","Corte Feroz, Choque do Trovão",Oitava
Falinks,"Lutador","Soco Dinâmico, Investida",Oitava
Pincurchin,"Elétrico","Choque do Trovão, Esfera Aura",Oitava
Cursola,"Fantasma","Bola Sombria, Confusão",Oitava
Runerigus,"Fantasma, Terra","Bola Sombria, Terremoto",Oitava
Stonjourner,"Rocha","Pedra Afiada, Investida",Oitava
Eiscue,"Gelo","Raio de Gelo, Tumulto",Oitava
Indeedee,"Psíquico, Normal","Confusão, Desejo",Oitava
Corviknight,"Voador, Aço","Bico Perfurante, Pena Afiada",Oitava
Grimmsnarl,"Noturno, Fada","Punho Sombrio, Desejo Misterioso",Oitava
Toxtricity,"Elétrico, Venenoso","Choque do Trovão, Veneno Ácido",Oitava
Boltund,"Elétrico","Raio Veloz, Choque do Trovão",Oitava
Frosmoth,"Gelo, Inseto","Raio de Gelo, Pó Congelante",Oitava
Cramorant,"Voador, Água","Surf, Bico Perfurante",Oitava
Grapploct,"Lutador","Soco Dinâmico, Tentáculo Giratório",Oitava
Sandaconda,"Terra","Terremoto, Investida de Areia",Oitava
Toxel,"Elétrico, Venenoso","Veneno Ácido, Choque do Trovão",Oitava
Duraludon,"Metal, Dragão","Corte Feroz, Garra Dragônica",Oitava
Galarian Darmanitan,"Gelo","Raio de Gelo, Investida de Fogo",Oitava
Galarian Corsola,"Fantasma","Bola Sombria, Confusão",Oitava
Galarian Weezing,"Venenoso, Fada","Gás Venenoso, Névoa Encantada",Oitava
Galarian Rapidash,"Psíquico, Fada","Confusão, Raio Psíquico",Oitava
Hattrem,"Fada, Psíquico","Raio Psíquico, Bola Sombria",Oitava
Indeedee,"Psíquico, Normal","Confusão, Desejo",Oitava
Coalossal,"Fogo, Rocha","Chama, Pedra Afiada",Oitava
Appletun,"Planta, Dragão","Raio Solar, Garra Dragônica",Oitava
Flapple,"Planta, Dragão","Raio Solar, Garra Dragônica",Oitava
Silicobra,"Terra","Investida de Areia, Terremoto",Oitava
Arrokuda,"Água","Surf, Aqua Jet",Oitava
Drednaw,"Água, Rocha","Surf, Investida de Pedra",Oitava
Eldegoss,"Planta","Raio Solar, Pó Mágico",Oitava
Boltent,"Elétrico","Raio Veloz, Choque do Trovão",Oitava
Sandacobra,"Terra","Investida de Areia, Terremoto",Oitava
Rolycoly,"Rocha","Pedra Afiada, Investida de Pedra",Oitava
Applin,"Planta, Dragão","Raio Solar, Garra Dragônica",Oitava
Hatenna,"Fada, Psíquico","Raio Psíquico, Bola Sombria",Oitava
Impidimp,"Noturno, Fada","Punho Sombrio, Desejo Misterioso",Oitava
Morgrem,"Noturno, Fada","Punho Sombrio, Desejo Misterioso",Oitava
Perrserker,"Aço","Asas de Ferro, Corte Feroz",Oitava
Copperajah,"Metal, Elétrico","Corte Feroz, Choque do Trovão",Oitava
Falinks,"Lutador","Soco Dinâmico, Investida",Oitava
Pincurchin,"Elétrico","Choque do Trovão, Esfera Aura",Oitava
Cursola,"Fantasma","Bola Sombria, Confusão",Oitava
Runerigus,"Fantasma, Terra","Bola Sombria, Terremoto",Oitava
Stonjourner,"Rocha","Pedra Afiada, Investida",Oitava
Eiscue,"Gelo","Raio de Gelo, Tumulto",Oitava
Indeedee,"Psíquico, Normal","Confusão, Desejo",Oitava
